độ ẩm bề mặt đất,nhiệt độ bề mặt,tổng lượng mưa,month
0.0001659804886448644,300.3224552783648,0.00545006760311702,T7
