độ ẩm bề mặt đất,nhiệt độ bề mặt,tổng lượng mưa,month
0.00013457392083065,300.59961427619817,0.005194482845514822,T8
