độ ẩm bề mặt đất,nhiệt độ bề mặt,tổng lượng mưa,month
1.4573372780213678e-05,303.1153030889502,0.0003047237039325758,T3
