độ ẩm bề mặt đất,nhiệt độ bề mặt,tổng lượng mưa,month
3.1177514517479007e-05,298.71547722761187,0.00019407962050068016,T1
