độ ẩm bề mặt đất,nhiệt độ bề mặt,tổng lượng mưa,month
0.00019184360038066256,301.00968220718426,0.0052716501342969764,T5
