độ ẩm bề mặt đất,nhiệt độ bề mặt,tổng lượng mưa,month
0.0001689336099412948,299.9604341454763,0.006272292370151724,T9
