độ ẩm bề mặt đất,nhiệt độ bề mặt,tổng lượng mưa,month
5.965568346155116e-05,298.8821047647678,0.0007152033519840184,T12
