độ ẩm bề mặt đất,nhiệt độ bề mặt,tổng lượng mưa,month
0.00013737056281703397,301.9949685295387,0.004070639628479161,T4
