độ ẩm bề mặt đất,nhiệt độ bề mặt,tổng lượng mưa,month
2.773620078319822e-05,300.56059494850285,0.00021365761239762582,T2
