độ ẩm bề mặt đất,nhiệt độ bề mặt,tổng lượng mưa,month
0.000171586073440491,299.4872769091236,0.007208661391855303,T11
