độ ẩm bề mặt đất,nhiệt độ bề mặt,tổng lượng mưa,month
0.0001611279192110458,300.0480358298534,0.006579674659774033,T10
