độ ẩm bề mặt đất,nhiệt độ bề mặt,tổng lượng mưa,month
0.00010411037413162846,300.62475052574774,0.0032869902001999977,T6
