độ ẩm bề mặt đất,nhiệt độ bề mặt,tổng lượng mưa,month
0.0001715958812234729,301.39451410141976,0.00425389580667473,T5
