độ ẩm bề mặt đất,nhiệt độ bề mặt,tổng lượng mưa,month
2.304442910654056e-05,303.72293461237575,0.0004058808172262999,T3
