độ ẩm bề mặt đất,nhiệt độ bề mặt,tổng lượng mưa,month
0.00013365103793197086,300.5660950266368,0.005239679772986917,T7
