độ ẩm bề mặt đất,nhiệt độ bề mặt,tổng lượng mưa,month
0.00011723522582845136,300.91306999114727,0.005363800517478898,T8
