độ ẩm bề mặt đất,nhiệt độ bề mặt,tổng lượng mưa,month
5.923113928106222e-05,299.0584599461151,0.0008224412547189175,T12
