độ ẩm bề mặt đất,nhiệt độ bề mặt,tổng lượng mưa,month
2.058465236797567e-05,299.2466880779434,0.00017285729819376835,T1
