độ ẩm bề mặt đất,nhiệt độ bề mặt,tổng lượng mưa,month
0.00010091938703286562,302.494534767229,0.004417573663179567,T4
