độ ẩm bề mặt đất,nhiệt độ bề mặt,tổng lượng mưa,month
0.00016033266937574552,300.1205013342147,0.005919874939796727,T10
