độ ẩm bề mặt đất,nhiệt độ bề mặt,tổng lượng mưa,month
0.0001523720504645639,300.1728396785459,0.006014142100373726,T9
