độ ẩm bề mặt đất,nhiệt độ bề mặt,tổng lượng mưa,month
0.0001648053016779971,299.78040483713335,0.005873086414516867,T11
