độ ẩm bề mặt đất,nhiệt độ bề mặt,tổng lượng mưa,month
0.00010898023330726973,300.78246604081625,0.0032440965080248714,T6
