độ ẩm bề mặt đất,nhiệt độ bề mặt,tổng lượng mưa,month
2.793077307472982e-05,301.2056907848712,0.00017892917551501431,T2
